database_id,schema,mongo_query,natural_language_query
hr_management,"{
  // Employees Collection
  “employees”: {
    _id: ObjectId,
    employeeId: String,
    firstName: String,
    lastName: String,
    email: String,
    phone: String,
    department: String,
    position: String,
    salary: Decimal128,
    hireDate: Date,
    status: String,
    managerId: ObjectId,
    EmergencyContact: {
      name: String,
      relationship: String,
      phone: String
    }
  },

  // Departments Collection
  “departments”: {
    _id: ObjectId,
    name: String,
    description: String,
    headId: ObjectId,
    budget: Decimal128,
    location: String,
    createdAt: Date
  },

  // Leave Records Collection
  leaveRecords: {
    _id: ObjectId,
    employeeId: ObjectId,
    leaveType: String,
    startDate: Date,
    endDate: Date,
    status: String,
    reason: String,
    approvedBy: ObjectId,
    appliedDate: Date,
    lastUpdated: Date
  }
}
",db.departments.find({ location: 'Headquarters' }).sort({ createdAt: 1 }),"Get departments located at 'Headquarters', sorted by creation date in ascending order."
hr_management,"{
  // Employees Collection
  “employees”: {
    _id: ObjectId,
    employeeId: String,
    firstName: String,
    lastName: String,
    email: String,
    phone: String,
    department: String,
    position: String,
    salary: Decimal128,
    hireDate: Date,
    status: String,
    managerId: ObjectId,
    EmergencyContact: {
      name: String,
      relationship: String,
      phone: String
    }
  },

  // Departments Collection
  “departments”: {
    _id: ObjectId,
    name: String,
    description: String,
    headId: ObjectId,
    budget: Decimal128,
    location: String,
    createdAt: Date
  },

  // Leave Records Collection
  leaveRecords: {
    _id: ObjectId,
    employeeId: ObjectId,
    leaveType: String,
    startDate: Date,
    endDate: Date,
    status: String,
    reason: String,
    approvedBy: ObjectId,
    appliedDate: Date,
    lastUpdated: Date
  }
}
",db.departments.find({ location: 'New York' });,Get departments where the location is 'New York'.
hr_management,"{
  // Employees Collection
  “employees”: {
    _id: ObjectId,
    employeeId: String,
    firstName: String,
    lastName: String,
    email: String,
    phone: String,
    department: String,
    position: String,
    salary: Decimal128,
    hireDate: Date,
    status: String,
    managerId: ObjectId,
    EmergencyContact: {
      name: String,
      relationship: String,
      phone: String
    }
  },

  // Departments Collection
  “departments”: {
    _id: ObjectId,
    name: String,
    description: String,
    headId: ObjectId,
    budget: Decimal128,
    location: String,
    createdAt: Date
  },

  // Leave Records Collection
  leaveRecords: {
    _id: ObjectId,
    employeeId: ObjectId,
    leaveType: String,
    startDate: Date,
    endDate: Date,
    status: String,
    reason: String,
    approvedBy: ObjectId,
    appliedDate: Date,
    lastUpdated: Date
  }
}
",db.employees.find({ 'EmergencyContact.relationship': 'sibling' });,Retrieve employees who have an emergency contact listed as a sibling.
hr_management,"{
  // Employees Collection
  “employees”: {
    _id: ObjectId,
    employeeId: String,
    firstName: String,
    lastName: String,
    email: String,
    phone: String,
    department: String,
    position: String,
    salary: Decimal128,
    hireDate: Date,
    status: String,
    managerId: ObjectId,
    EmergencyContact: {
      name: String,
      relationship: String,
      phone: String
    }
  },

  // Departments Collection
  “departments”: {
    _id: ObjectId,
    name: String,
    description: String,
    headId: ObjectId,
    budget: Decimal128,
    location: String,
    createdAt: Date
  },

  // Leave Records Collection
  leaveRecords: {
    _id: ObjectId,
    employeeId: ObjectId,
    leaveType: String,
    startDate: Date,
    endDate: Date,
    status: String,
    reason: String,
    approvedBy: ObjectId,
    appliedDate: Date,
    lastUpdated: Date
  }
}
","db.departments.aggregate([{ $group: { _id: '$headId', totalDepartments: { $sum: 1 } } }, { $match: { totalDepartments: { $gt: 1 } } }])","Group departments by 'headId' and count the number of departments per head, returning only those heads with more than one department."
hr_management,"{
  // Employees Collection
  “employees”: {
    _id: ObjectId,
    employeeId: String,
    firstName: String,
    lastName: String,
    email: String,
    phone: String,
    department: String,
    position: String,
    salary: Decimal128,
    hireDate: Date,
    status: String,
    managerId: ObjectId,
    EmergencyContact: {
      name: String,
      relationship: String,
      phone: String
    }
  },

  // Departments Collection
  “departments”: {
    _id: ObjectId,
    name: String,
    description: String,
    headId: ObjectId,
    budget: Decimal128,
    location: String,
    createdAt: Date
  },

  // Leave Records Collection
  leaveRecords: {
    _id: ObjectId,
    employeeId: ObjectId,
    leaveType: String,
    startDate: Date,
    endDate: Date,
    status: String,
    reason: String,
    approvedBy: ObjectId,
    appliedDate: Date,
    lastUpdated: Date
  }
}
",db.employees.find({ hireDate: { $gte: new Date('2020-01-01') } });,"Get all employees hired on or after January 1, 2020."
hr_management,"{
  // Employees Collection
  “employees”: {
    _id: ObjectId,
    employeeId: String,
    firstName: String,
    lastName: String,
    email: String,
    phone: String,
    department: String,
    position: String,
    salary: Decimal128,
    hireDate: Date,
    status: String,
    managerId: ObjectId,
    EmergencyContact: {
      name: String,
      relationship: String,
      phone: String
    }
  },

  // Departments Collection
  “departments”: {
    _id: ObjectId,
    name: String,
    description: String,
    headId: ObjectId,
    budget: Decimal128,
    location: String,
    createdAt: Date
  },

  // Leave Records Collection
  leaveRecords: {
    _id: ObjectId,
    employeeId: ObjectId,
    leaveType: String,
    startDate: Date,
    endDate: Date,
    status: String,
    reason: String,
    approvedBy: ObjectId,
    appliedDate: Date,
    lastUpdated: Date
  }
}
","db.leaveRecords.aggregate([ { $match: { status: 'approved' } }, { $lookup: { from: 'employees', localField: 'employeeId', foreignField: '_id', as: 'employeeInfo' } } ])",Get all approved leave records and include related employee information.
hr_management,"{
  // Employees Collection
  “employees”: {
    _id: ObjectId,
    employeeId: String,
    firstName: String,
    lastName: String,
    email: String,
    phone: String,
    department: String,
    position: String,
    salary: Decimal128,
    hireDate: Date,
    status: String,
    managerId: ObjectId,
    EmergencyContact: {
      name: String,
      relationship: String,
      phone: String
    }
  },

  // Departments Collection
  “departments”: {
    _id: ObjectId,
    name: String,
    description: String,
    headId: ObjectId,
    budget: Decimal128,
    location: String,
    createdAt: Date
  },

  // Leave Records Collection
  leaveRecords: {
    _id: ObjectId,
    employeeId: ObjectId,
    leaveType: String,
    startDate: Date,
    endDate: Date,
    status: String,
    reason: String,
    approvedBy: ObjectId,
    appliedDate: Date,
    lastUpdated: Date
  }
}
",db.employees.find({ department: 'HR' }),Retrieve employees in the 'HR' department.
hr_management,"{
  // Employees Collection
  “employees”: {
    _id: ObjectId,
    employeeId: String,
    firstName: String,
    lastName: String,
    email: String,
    phone: String,
    department: String,
    position: String,
    salary: Decimal128,
    hireDate: Date,
    status: String,
    managerId: ObjectId,
    EmergencyContact: {
      name: String,
      relationship: String,
      phone: String
    }
  },

  // Departments Collection
  “departments”: {
    _id: ObjectId,
    name: String,
    description: String,
    headId: ObjectId,
    budget: Decimal128,
    location: String,
    createdAt: Date
  },

  // Leave Records Collection
  leaveRecords: {
    _id: ObjectId,
    employeeId: ObjectId,
    leaveType: String,
    startDate: Date,
    endDate: Date,
    status: String,
    reason: String,
    approvedBy: ObjectId,
    appliedDate: Date,
    lastUpdated: Date
  }
}
","db.leaveRecords.aggregate([ { $match: { status: 'approved' } }, { $lookup: { from: 'employees', localField: 'employeeId', foreignField: 'employeeId', as: 'employeeInfo' } }, { $unwind: '$employeeInfo' }, { $project: { _id: 1, 'employeeFirstName': '$employeeInfo.firstName', 'employeeLastName': '$employeeInfo.lastName', 'leaveType': 1, 'startDate': 1, 'endDate': 1, 'reason': 1, 'appliedDate': 1 } } ])",Get approved leave records from 'leaveRecords' with the corresponding employees' first and last names.
hr_management,"{
  // Employees Collection
  “employees”: {
    _id: ObjectId,
    employeeId: String,
    firstName: String,
    lastName: String,
    email: String,
    phone: String,
    department: String,
    position: String,
    salary: Decimal128,
    hireDate: Date,
    status: String,
    managerId: ObjectId,
    EmergencyContact: {
      name: String,
      relationship: String,
      phone: String
    }
  },

  // Departments Collection
  “departments”: {
    _id: ObjectId,
    name: String,
    description: String,
    headId: ObjectId,
    budget: Decimal128,
    location: String,
    createdAt: Date
  },

  // Leave Records Collection
  leaveRecords: {
    _id: ObjectId,
    employeeId: ObjectId,
    leaveType: String,
    startDate: Date,
    endDate: Date,
    status: String,
    reason: String,
    approvedBy: ObjectId,
    appliedDate: Date,
    lastUpdated: Date
  }
}
","db.departments.aggregate([ { $match: { budget: { $gt: 100000 } } }, { $lookup: { from: 'employees', localField: '_id', foreignField: 'department', as: 'employees_info' } } ])","Retrieve departments with a budget greater than 100,000 and include related employee information."
hr_management,"{
  // Employees Collection
  “employees”: {
    _id: ObjectId,
    employeeId: String,
    firstName: String,
    lastName: String,
    email: String,
    phone: String,
    department: String,
    position: String,
    salary: Decimal128,
    hireDate: Date,
    status: String,
    managerId: ObjectId,
    EmergencyContact: {
      name: String,
      relationship: String,
      phone: String
    }
  },

  // Departments Collection
  “departments”: {
    _id: ObjectId,
    name: String,
    description: String,
    headId: ObjectId,
    budget: Decimal128,
    location: String,
    createdAt: Date
  },

  // Leave Records Collection
  leaveRecords: {
    _id: ObjectId,
    employeeId: ObjectId,
    leaveType: String,
    startDate: Date,
    endDate: Date,
    status: String,
    reason: String,
    approvedBy: ObjectId,
    appliedDate: Date,
    lastUpdated: Date
  }
}
","db.employees.aggregate([ { $match: { managerId: { $exists: true } } }, { $lookup: { from: 'employees', localField: 'managerId', foreignField: '_id', as: 'managerInfo' } }, { $unwind: '$managerInfo' }, { $project: { employeeFirstName: '$firstName', employeeLastName: '$lastName', managerFirstName: '$managerInfo.firstName', managerLastName: '$managerInfo.lastName' } } ])","Retrieve employees who have a manager, including their first and last names along with their managers' first and last names."
hr_management,"{
  // Employees Collection
  “employees”: {
    _id: ObjectId,
    employeeId: String,
    firstName: String,
    lastName: String,
    email: String,
    phone: String,
    department: String,
    position: String,
    salary: Decimal128,
    hireDate: Date,
    status: String,
    managerId: ObjectId,
    EmergencyContact: {
      name: String,
      relationship: String,
      phone: String
    }
  },

  // Departments Collection
  “departments”: {
    _id: ObjectId,
    name: String,
    description: String,
    headId: ObjectId,
    budget: Decimal128,
    location: String,
    createdAt: Date
  },

  // Leave Records Collection
  leaveRecords: {
    _id: ObjectId,
    employeeId: ObjectId,
    leaveType: String,
    startDate: Date,
    endDate: Date,
    status: String,
    reason: String,
    approvedBy: ObjectId,
    appliedDate: Date,
    lastUpdated: Date
  }
}
",db.employees.find({ phone: { $regex: '^123' } });,Get employees whose phone number begins with '123'.
hr_management,"{
  // Employees Collection
  “employees”: {
    _id: ObjectId,
    employeeId: String,
    firstName: String,
    lastName: String,
    email: String,
    phone: String,
    department: String,
    position: String,
    salary: Decimal128,
    hireDate: Date,
    status: String,
    managerId: ObjectId,
    EmergencyContact: {
      name: String,
      relationship: String,
      phone: String
    }
  },

  // Departments Collection
  “departments”: {
    _id: ObjectId,
    name: String,
    description: String,
    headId: ObjectId,
    budget: Decimal128,
    location: String,
    createdAt: Date
  },

  // Leave Records Collection
  leaveRecords: {
    _id: ObjectId,
    employeeId: ObjectId,
    leaveType: String,
    startDate: Date,
    endDate: Date,
    status: String,
    reason: String,
    approvedBy: ObjectId,
    appliedDate: Date,
    lastUpdated: Date
  }
}
","db.departments.aggregate([{ $lookup: { from: 'employees', localField: '_id', foreignField: 'department', as: 'employees' } }, { $project: { name: 1, totalEmployees: { $size: '$employees' } } }])","Get the names and total number of employees in each department from the 'departments' collection, matching with the 'employees' collection."
hr_management,"{
  // Employees Collection
  “employees”: {
    _id: ObjectId,
    employeeId: String,
    firstName: String,
    lastName: String,
    email: String,
    phone: String,
    department: String,
    position: String,
    salary: Decimal128,
    hireDate: Date,
    status: String,
    managerId: ObjectId,
    EmergencyContact: {
      name: String,
      relationship: String,
      phone: String
    }
  },

  // Departments Collection
  “departments”: {
    _id: ObjectId,
    name: String,
    description: String,
    headId: ObjectId,
    budget: Decimal128,
    location: String,
    createdAt: Date
  },

  // Leave Records Collection
  leaveRecords: {
    _id: ObjectId,
    employeeId: ObjectId,
    leaveType: String,
    startDate: Date,
    endDate: Date,
    status: String,
    reason: String,
    approvedBy: ObjectId,
    appliedDate: Date,
    lastUpdated: Date
  }
}
",db.employees.find({ status: 'active' });,Get employee documents from the 'employees' collection where the status is 'active'.
hr_management,"{
  // Employees Collection
  “employees”: {
    _id: ObjectId,
    employeeId: String,
    firstName: String,
    lastName: String,
    email: String,
    phone: String,
    department: String,
    position: String,
    salary: Decimal128,
    hireDate: Date,
    status: String,
    managerId: ObjectId,
    EmergencyContact: {
      name: String,
      relationship: String,
      phone: String
    }
  },

  // Departments Collection
  “departments”: {
    _id: ObjectId,
    name: String,
    description: String,
    headId: ObjectId,
    budget: Decimal128,
    location: String,
    createdAt: Date
  },

  // Leave Records Collection
  leaveRecords: {
    _id: ObjectId,
    employeeId: ObjectId,
    leaveType: String,
    startDate: Date,
    endDate: Date,
    status: String,
    reason: String,
    approvedBy: ObjectId,
    appliedDate: Date,
    lastUpdated: Date
  }
}
",db.departments.find({ headId: ObjectId('60b8d5b2f1c3d3f30c8f89b1') }),Get departments where the headId is '60b8d5b2f1c3d3f30c8f89b1'.
hr_management,"{
  // Employees Collection
  “employees”: {
    _id: ObjectId,
    employeeId: String,
    firstName: String,
    lastName: String,
    email: String,
    phone: String,
    department: String,
    position: String,
    salary: Decimal128,
    hireDate: Date,
    status: String,
    managerId: ObjectId,
    EmergencyContact: {
      name: String,
      relationship: String,
      phone: String
    }
  },

  // Departments Collection
  “departments”: {
    _id: ObjectId,
    name: String,
    description: String,
    headId: ObjectId,
    budget: Decimal128,
    location: String,
    createdAt: Date
  },

  // Leave Records Collection
  leaveRecords: {
    _id: ObjectId,
    employeeId: ObjectId,
    leaveType: String,
    startDate: Date,
    endDate: Date,
    status: String,
    reason: String,
    approvedBy: ObjectId,
    appliedDate: Date,
    lastUpdated: Date
  }
}
",db.employees.find({ department: 'Sales' }),Get employees in the 'Sales' department.
hr_management,"{
  // Employees Collection
  “employees”: {
    _id: ObjectId,
    employeeId: String,
    firstName: String,
    lastName: String,
    email: String,
    phone: String,
    department: String,
    position: String,
    salary: Decimal128,
    hireDate: Date,
    status: String,
    managerId: ObjectId,
    EmergencyContact: {
      name: String,
      relationship: String,
      phone: String
    }
  },

  // Departments Collection
  “departments”: {
    _id: ObjectId,
    name: String,
    description: String,
    headId: ObjectId,
    budget: Decimal128,
    location: String,
    createdAt: Date
  },

  // Leave Records Collection
  leaveRecords: {
    _id: ObjectId,
    employeeId: ObjectId,
    leaveType: String,
    startDate: Date,
    endDate: Date,
    status: String,
    reason: String,
    approvedBy: ObjectId,
    appliedDate: Date,
    lastUpdated: Date
  }
}
","db.employees.aggregate([ { $group: { _id: ""$managerId"", employeeCount: { $sum: 1 } } }, { $sort: { employeeCount: -1 } } ])","Group employees by manager ID, count them, and sort the counts in descending order."
hr_management,"{
  // Employees Collection
  “employees”: {
    _id: ObjectId,
    employeeId: String,
    firstName: String,
    lastName: String,
    email: String,
    phone: String,
    department: String,
    position: String,
    salary: Decimal128,
    hireDate: Date,
    status: String,
    managerId: ObjectId,
    EmergencyContact: {
      name: String,
      relationship: String,
      phone: String
    }
  },

  // Departments Collection
  “departments”: {
    _id: ObjectId,
    name: String,
    description: String,
    headId: ObjectId,
    budget: Decimal128,
    location: String,
    createdAt: Date
  },

  // Leave Records Collection
  leaveRecords: {
    _id: ObjectId,
    employeeId: ObjectId,
    leaveType: String,
    startDate: Date,
    endDate: Date,
    status: String,
    reason: String,
    approvedBy: ObjectId,
    appliedDate: Date,
    lastUpdated: Date
  }
}
",db.departments.find({ name: 'HR' }),Get the documents from the 'departments' collection where the name is 'HR'.
hr_management,"{
  // Employees Collection
  “employees”: {
    _id: ObjectId,
    employeeId: String,
    firstName: String,
    lastName: String,
    email: String,
    phone: String,
    department: String,
    position: String,
    salary: Decimal128,
    hireDate: Date,
    status: String,
    managerId: ObjectId,
    EmergencyContact: {
      name: String,
      relationship: String,
      phone: String
    }
  },

  // Departments Collection
  “departments”: {
    _id: ObjectId,
    name: String,
    description: String,
    headId: ObjectId,
    budget: Decimal128,
    location: String,
    createdAt: Date
  },

  // Leave Records Collection
  leaveRecords: {
    _id: ObjectId,
    employeeId: ObjectId,
    leaveType: String,
    startDate: Date,
    endDate: Date,
    status: String,
    reason: String,
    approvedBy: ObjectId,
    appliedDate: Date,
    lastUpdated: Date
  }
}
","db.employees.aggregate([{ $match: { status: 'active' } }, { $group: { _id: '$department', totalSalary: { $sum: '$salary' }, employeeCount: { $sum: 1 } } }])",Get the total salary and employee count for each department from the 'employees' collection for those with an 'active' status.
hr_management,"{
  // Employees Collection
  “employees”: {
    _id: ObjectId,
    employeeId: String,
    firstName: String,
    lastName: String,
    email: String,
    phone: String,
    department: String,
    position: String,
    salary: Decimal128,
    hireDate: Date,
    status: String,
    managerId: ObjectId,
    EmergencyContact: {
      name: String,
      relationship: String,
      phone: String
    }
  },

  // Departments Collection
  “departments”: {
    _id: ObjectId,
    name: String,
    description: String,
    headId: ObjectId,
    budget: Decimal128,
    location: String,
    createdAt: Date
  },

  // Leave Records Collection
  leaveRecords: {
    _id: ObjectId,
    employeeId: ObjectId,
    leaveType: String,
    startDate: Date,
    endDate: Date,
    status: String,
    reason: String,
    approvedBy: ObjectId,
    appliedDate: Date,
    lastUpdated: Date
  }
}
",db.leaveRecords.find({ status: 'Approved' }),Get all approved leave records.
hr_management,"{
  // Employees Collection
  “employees”: {
    _id: ObjectId,
    employeeId: String,
    firstName: String,
    lastName: String,
    email: String,
    phone: String,
    department: String,
    position: String,
    salary: Decimal128,
    hireDate: Date,
    status: String,
    managerId: ObjectId,
    EmergencyContact: {
      name: String,
      relationship: String,
      phone: String
    }
  },

  // Departments Collection
  “departments”: {
    _id: ObjectId,
    name: String,
    description: String,
    headId: ObjectId,
    budget: Decimal128,
    location: String,
    createdAt: Date
  },

  // Leave Records Collection
  leaveRecords: {
    _id: ObjectId,
    employeeId: ObjectId,
    leaveType: String,
    startDate: Date,
    endDate: Date,
    status: String,
    reason: String,
    approvedBy: ObjectId,
    appliedDate: Date,
    lastUpdated: Date
  }
}
","db.leaveRecords.aggregate([ { $match: { status: 'approved' } }, { $lookup: { from: 'employees', localField: 'employeeId', foreignField: '_id', as: 'employeeDetails' } }, { $unwind: '$employeeDetails' }, { $group: { _id: '$leaveType', totalApproved: { $sum: 1 }, employeeNames: { $addToSet: { $concat: ['$employeeDetails.firstName', ' ', '$employeeDetails.lastName'] } } } } ]);","Aggregate approved leave records from the 'leaveRecords' collection, joining with employee details from the 'employees' collection by employee ID. Group by leave type to count total approved leaves and list unique employee names per leave type."
hr_management,"{
  // Employees Collection
  “employees”: {
    _id: ObjectId,
    employeeId: String,
    firstName: String,
    lastName: String,
    email: String,
    phone: String,
    department: String,
    position: String,
    salary: Decimal128,
    hireDate: Date,
    status: String,
    managerId: ObjectId,
    EmergencyContact: {
      name: String,
      relationship: String,
      phone: String
    }
  },

  // Departments Collection
  “departments”: {
    _id: ObjectId,
    name: String,
    description: String,
    headId: ObjectId,
    budget: Decimal128,
    location: String,
    createdAt: Date
  },

  // Leave Records Collection
  leaveRecords: {
    _id: ObjectId,
    employeeId: ObjectId,
    leaveType: String,
    startDate: Date,
    endDate: Date,
    status: String,
    reason: String,
    approvedBy: ObjectId,
    appliedDate: Date,
    lastUpdated: Date
  }
}
","db.leaveRecords.aggregate([ { $match: { leaveType: 'Sick Leave' } }, { $group: { _id: '$employeeId', count: { $sum: 1 } } }, { $sort: { count: -1 } } ])","Count leave records by employee ID for 'Sick Leave', sorted in descending order."
hr_management,"{
  // Employees Collection
  “employees”: {
    _id: ObjectId,
    employeeId: String,
    firstName: String,
    lastName: String,
    email: String,
    phone: String,
    department: String,
    position: String,
    salary: Decimal128,
    hireDate: Date,
    status: String,
    managerId: ObjectId,
    EmergencyContact: {
      name: String,
      relationship: String,
      phone: String
    }
  },

  // Departments Collection
  “departments”: {
    _id: ObjectId,
    name: String,
    description: String,
    headId: ObjectId,
    budget: Decimal128,
    location: String,
    createdAt: Date
  },

  // Leave Records Collection
  leaveRecords: {
    _id: ObjectId,
    employeeId: ObjectId,
    leaveType: String,
    startDate: Date,
    endDate: Date,
    status: String,
    reason: String,
    approvedBy: ObjectId,
    appliedDate: Date,
    lastUpdated: Date
  }
}
","db.employees.find({ email: { $regex: '@example.com$', $options: 'i' } });",Find employees whose email addresses end with '@example.com'.
hr_management,"{
  // Employees Collection
  “employees”: {
    _id: ObjectId,
    employeeId: String,
    firstName: String,
    lastName: String,
    email: String,
    phone: String,
    department: String,
    position: String,
    salary: Decimal128,
    hireDate: Date,
    status: String,
    managerId: ObjectId,
    EmergencyContact: {
      name: String,
      relationship: String,
      phone: String
    }
  },

  // Departments Collection
  “departments”: {
    _id: ObjectId,
    name: String,
    description: String,
    headId: ObjectId,
    budget: Decimal128,
    location: String,
    createdAt: Date
  },

  // Leave Records Collection
  leaveRecords: {
    _id: ObjectId,
    employeeId: ObjectId,
    leaveType: String,
    startDate: Date,
    endDate: Date,
    status: String,
    reason: String,
    approvedBy: ObjectId,
    appliedDate: Date,
    lastUpdated: Date
  }
}
",db.departments.find({ headId: ObjectId('60adf2184f1c2a4c8c8e0456') }),Find departments where the headId is '60adf2184f1c2a4c8c8e0456'.
hr_management,"{
  // Employees Collection
  “employees”: {
    _id: ObjectId,
    employeeId: String,
    firstName: String,
    lastName: String,
    email: String,
    phone: String,
    department: String,
    position: String,
    salary: Decimal128,
    hireDate: Date,
    status: String,
    managerId: ObjectId,
    EmergencyContact: {
      name: String,
      relationship: String,
      phone: String
    }
  },

  // Departments Collection
  “departments”: {
    _id: ObjectId,
    name: String,
    description: String,
    headId: ObjectId,
    budget: Decimal128,
    location: String,
    createdAt: Date
  },

  // Leave Records Collection
  leaveRecords: {
    _id: ObjectId,
    employeeId: ObjectId,
    leaveType: String,
    startDate: Date,
    endDate: Date,
    status: String,
    reason: String,
    approvedBy: ObjectId,
    appliedDate: Date,
    lastUpdated: Date
  }
}
",db.departments.find({ createdAt: { $gt: new Date('2022-01-01') } });,"Get all departments created after January 1, 2022."
hr_management,"{
  // Employees Collection
  “employees”: {
    _id: ObjectId,
    employeeId: String,
    firstName: String,
    lastName: String,
    email: String,
    phone: String,
    department: String,
    position: String,
    salary: Decimal128,
    hireDate: Date,
    status: String,
    managerId: ObjectId,
    EmergencyContact: {
      name: String,
      relationship: String,
      phone: String
    }
  },

  // Departments Collection
  “departments”: {
    _id: ObjectId,
    name: String,
    description: String,
    headId: ObjectId,
    budget: Decimal128,
    location: String,
    createdAt: Date
  },

  // Leave Records Collection
  leaveRecords: {
    _id: ObjectId,
    employeeId: ObjectId,
    leaveType: String,
    startDate: Date,
    endDate: Date,
    status: String,
    reason: String,
    approvedBy: ObjectId,
    appliedDate: Date,
    lastUpdated: Date
  }
}
","db.employees.find({ status: 'active' }, { firstName: 1, lastName: 1, email: 1, phone: 1 }).sort({ hireDate: 1 })","Retrieve the first name, last name, email, and phone of all active employees, sorted by hire date in ascending order."
hr_management,"{
  // Employees Collection
  “employees”: {
    _id: ObjectId,
    employeeId: String,
    firstName: String,
    lastName: String,
    email: String,
    phone: String,
    department: String,
    position: String,
    salary: Decimal128,
    hireDate: Date,
    status: String,
    managerId: ObjectId,
    EmergencyContact: {
      name: String,
      relationship: String,
      phone: String
    }
  },

  // Departments Collection
  “departments”: {
    _id: ObjectId,
    name: String,
    description: String,
    headId: ObjectId,
    budget: Decimal128,
    location: String,
    createdAt: Date
  },

  // Leave Records Collection
  leaveRecords: {
    _id: ObjectId,
    employeeId: ObjectId,
    leaveType: String,
    startDate: Date,
    endDate: Date,
    status: String,
    reason: String,
    approvedBy: ObjectId,
    appliedDate: Date,
    lastUpdated: Date
  }
}
","db.leaveRecords.aggregate([{ $match: { status: 'pending' } }, { $group: { _id: '$leaveType', totalRequests: { $sum: 1 } } }])",Count pending leave requests by leave type from the leaveRecords collection.
hr_management,"{
  // Employees Collection
  “employees”: {
    _id: ObjectId,
    employeeId: String,
    firstName: String,
    lastName: String,
    email: String,
    phone: String,
    department: String,
    position: String,
    salary: Decimal128,
    hireDate: Date,
    status: String,
    managerId: ObjectId,
    EmergencyContact: {
      name: String,
      relationship: String,
      phone: String
    }
  },

  // Departments Collection
  “departments”: {
    _id: ObjectId,
    name: String,
    description: String,
    headId: ObjectId,
    budget: Decimal128,
    location: String,
    createdAt: Date
  },

  // Leave Records Collection
  leaveRecords: {
    _id: ObjectId,
    employeeId: ObjectId,
    leaveType: String,
    startDate: Date,
    endDate: Date,
    status: String,
    reason: String,
    approvedBy: ObjectId,
    appliedDate: Date,
    lastUpdated: Date
  }
}
",db.employees.find({ status: 'active' }).sort({ hireDate: -1 });,"Retrieve active employees from the 'employees' collection, sorted by hire date in descending order."
hr_management,"{
  // Employees Collection
  “employees”: {
    _id: ObjectId,
    employeeId: String,
    firstName: String,
    lastName: String,
    email: String,
    phone: String,
    department: String,
    position: String,
    salary: Decimal128,
    hireDate: Date,
    status: String,
    managerId: ObjectId,
    EmergencyContact: {
      name: String,
      relationship: String,
      phone: String
    }
  },

  // Departments Collection
  “departments”: {
    _id: ObjectId,
    name: String,
    description: String,
    headId: ObjectId,
    budget: Decimal128,
    location: String,
    createdAt: Date
  },

  // Leave Records Collection
  leaveRecords: {
    _id: ObjectId,
    employeeId: ObjectId,
    leaveType: String,
    startDate: Date,
    endDate: Date,
    status: String,
    reason: String,
    approvedBy: ObjectId,
    appliedDate: Date,
    lastUpdated: Date
  }
}
",db.employees.findOne({ employeeId: 'E12345' });,Get the employee document with employeeId 'E12345' from the employees collection.
hr_management,"{
  // Employees Collection
  “employees”: {
    _id: ObjectId,
    employeeId: String,
    firstName: String,
    lastName: String,
    email: String,
    phone: String,
    department: String,
    position: String,
    salary: Decimal128,
    hireDate: Date,
    status: String,
    managerId: ObjectId,
    EmergencyContact: {
      name: String,
      relationship: String,
      phone: String
    }
  },

  // Departments Collection
  “departments”: {
    _id: ObjectId,
    name: String,
    description: String,
    headId: ObjectId,
    budget: Decimal128,
    location: String,
    createdAt: Date
  },

  // Leave Records Collection
  leaveRecords: {
    _id: ObjectId,
    employeeId: ObjectId,
    leaveType: String,
    startDate: Date,
    endDate: Date,
    status: String,
    reason: String,
    approvedBy: ObjectId,
    appliedDate: Date,
    lastUpdated: Date
  }
}
","db.employees.aggregate([{ $lookup: { from: 'leaveRecords', localField: '_id', foreignField: 'employeeId', as: 'leave_info' } }, { $match: { 'leave_info.status': 'approved' } }])",Get all employees and their approved leave information.
hr_management,"{
  // Employees Collection
  “employees”: {
    _id: ObjectId,
    employeeId: String,
    firstName: String,
    lastName: String,
    email: String,
    phone: String,
    department: String,
    position: String,
    salary: Decimal128,
    hireDate: Date,
    status: String,
    managerId: ObjectId,
    EmergencyContact: {
      name: String,
      relationship: String,
      phone: String
    }
  },

  // Departments Collection
  “departments”: {
    _id: ObjectId,
    name: String,
    description: String,
    headId: ObjectId,
    budget: Decimal128,
    location: String,
    createdAt: Date
  },

  // Leave Records Collection
  leaveRecords: {
    _id: ObjectId,
    employeeId: ObjectId,
    leaveType: String,
    startDate: Date,
    endDate: Date,
    status: String,
    reason: String,
    approvedBy: ObjectId,
    appliedDate: Date,
    lastUpdated: Date
  }
}
",db.leaveRecords.find({ employeeId: ObjectId('60adf2184f1c2a4c8c8e0123') }),Get all leave records for the employee with ID '60adf2184f1c2a4c8c8e0123'.
hr_management,"{
  // Employees Collection
  “employees”: {
    _id: ObjectId,
    employeeId: String,
    firstName: String,
    lastName: String,
    email: String,
    phone: String,
    department: String,
    position: String,
    salary: Decimal128,
    hireDate: Date,
    status: String,
    managerId: ObjectId,
    EmergencyContact: {
      name: String,
      relationship: String,
      phone: String
    }
  },

  // Departments Collection
  “departments”: {
    _id: ObjectId,
    name: String,
    description: String,
    headId: ObjectId,
    budget: Decimal128,
    location: String,
    createdAt: Date
  },

  // Leave Records Collection
  leaveRecords: {
    _id: ObjectId,
    employeeId: ObjectId,
    leaveType: String,
    startDate: Date,
    endDate: Date,
    status: String,
    reason: String,
    approvedBy: ObjectId,
    appliedDate: Date,
    lastUpdated: Date
  }
}
",db.departments.find({ location: 'New York' });,Retrieve departments located in 'New York'.
hr_management,"{
  // Employees Collection
  “employees”: {
    _id: ObjectId,
    employeeId: String,
    firstName: String,
    lastName: String,
    email: String,
    phone: String,
    department: String,
    position: String,
    salary: Decimal128,
    hireDate: Date,
    status: String,
    managerId: ObjectId,
    EmergencyContact: {
      name: String,
      relationship: String,
      phone: String
    }
  },

  // Departments Collection
  “departments”: {
    _id: ObjectId,
    name: String,
    description: String,
    headId: ObjectId,
    budget: Decimal128,
    location: String,
    createdAt: Date
  },

  // Leave Records Collection
  leaveRecords: {
    _id: ObjectId,
    employeeId: ObjectId,
    leaveType: String,
    startDate: Date,
    endDate: Date,
    status: String,
    reason: String,
    approvedBy: ObjectId,
    appliedDate: Date,
    lastUpdated: Date
  }
}
",db.employees.find({ 'EmergencyContact.relationship': 'Spouse' }),Get employees whose Emergency Contact relationship is 'Spouse'.
hr_management,"{
  // Employees Collection
  “employees”: {
    _id: ObjectId,
    employeeId: String,
    firstName: String,
    lastName: String,
    email: String,
    phone: String,
    department: String,
    position: String,
    salary: Decimal128,
    hireDate: Date,
    status: String,
    managerId: ObjectId,
    EmergencyContact: {
      name: String,
      relationship: String,
      phone: String
    }
  },

  // Departments Collection
  “departments”: {
    _id: ObjectId,
    name: String,
    description: String,
    headId: ObjectId,
    budget: Decimal128,
    location: String,
    createdAt: Date
  },

  // Leave Records Collection
  leaveRecords: {
    _id: ObjectId,
    employeeId: ObjectId,
    leaveType: String,
    startDate: Date,
    endDate: Date,
    status: String,
    reason: String,
    approvedBy: ObjectId,
    appliedDate: Date,
    lastUpdated: Date
  }
}
","db.employees.aggregate([{ $lookup: { from: 'leaveRecords', localField: '_id', foreignField: 'employeeId', as: 'leaveRecords' } }, { $unwind: { path: '$leaveRecords', preserveNullAndEmptyArrays: true } }, { $group: { _id: '$employeeId', firstName: { $first: '$firstName' }, lastName: { $first: '$lastName' }, totalLeaves: { $sum: 1 } } }])","Retrieve employees and their leave records, unwind the records, and group by employee ID while counting total leaves and selecting their first and last names."
hr_management,"{
  // Employees Collection
  “employees”: {
    _id: ObjectId,
    employeeId: String,
    firstName: String,
    lastName: String,
    email: String,
    phone: String,
    department: String,
    position: String,
    salary: Decimal128,
    hireDate: Date,
    status: String,
    managerId: ObjectId,
    EmergencyContact: {
      name: String,
      relationship: String,
      phone: String
    }
  },

  // Departments Collection
  “departments”: {
    _id: ObjectId,
    name: String,
    description: String,
    headId: ObjectId,
    budget: Decimal128,
    location: String,
    createdAt: Date
  },

  // Leave Records Collection
  leaveRecords: {
    _id: ObjectId,
    employeeId: ObjectId,
    leaveType: String,
    startDate: Date,
    endDate: Date,
    status: String,
    reason: String,
    approvedBy: ObjectId,
    appliedDate: Date,
    lastUpdated: Date
  }
}
","db.leaveRecords.aggregate([ { $match: { status: 'approved' } }, { $group: { _id: ""$leaveType"", count: { $sum: 1 }, totalDays: { $sum: { $divide: [ { $subtract: [""$endDate"", ""$startDate""] }, 86400000 ] } } } } ]);",Aggregate approved leave records by leave type to count the number of leaves and total days taken for each type.
hr_management,"{
  // Employees Collection
  “employees”: {
    _id: ObjectId,
    employeeId: String,
    firstName: String,
    lastName: String,
    email: String,
    phone: String,
    department: String,
    position: String,
    salary: Decimal128,
    hireDate: Date,
    status: String,
    managerId: ObjectId,
    EmergencyContact: {
      name: String,
      relationship: String,
      phone: String
    }
  },

  // Departments Collection
  “departments”: {
    _id: ObjectId,
    name: String,
    description: String,
    headId: ObjectId,
    budget: Decimal128,
    location: String,
    createdAt: Date
  },

  // Leave Records Collection
  leaveRecords: {
    _id: ObjectId,
    employeeId: ObjectId,
    leaveType: String,
    startDate: Date,
    endDate: Date,
    status: String,
    reason: String,
    approvedBy: ObjectId,
    appliedDate: Date,
    lastUpdated: Date
  }
}
","db.employees.aggregate([{ $group: { _id: ""$position"", avgSalary: { $avg: ""$salary"" } } }, { $match: { avgSalary: { $gt: 70000 } } }])","Find the average salary for each position in the 'employees' collection, then include only those positions with an average salary greater than 70,000."
hr_management,"{
  // Employees Collection
  “employees”: {
    _id: ObjectId,
    employeeId: String,
    firstName: String,
    lastName: String,
    email: String,
    phone: String,
    department: String,
    position: String,
    salary: Decimal128,
    hireDate: Date,
    status: String,
    managerId: ObjectId,
    EmergencyContact: {
      name: String,
      relationship: String,
      phone: String
    }
  },

  // Departments Collection
  “departments”: {
    _id: ObjectId,
    name: String,
    description: String,
    headId: ObjectId,
    budget: Decimal128,
    location: String,
    createdAt: Date
  },

  // Leave Records Collection
  leaveRecords: {
    _id: ObjectId,
    employeeId: ObjectId,
    leaveType: String,
    startDate: Date,
    endDate: Date,
    status: String,
    reason: String,
    approvedBy: ObjectId,
    appliedDate: Date,
    lastUpdated: Date
  }
}
",db.leaveRecords.find({ leaveType: 'Sick Leave' });,Get all leave records with the type 'Sick Leave'.
hr_management,"{
  // Employees Collection
  “employees”: {
    _id: ObjectId,
    employeeId: String,
    firstName: String,
    lastName: String,
    email: String,
    phone: String,
    department: String,
    position: String,
    salary: Decimal128,
    hireDate: Date,
    status: String,
    managerId: ObjectId,
    EmergencyContact: {
      name: String,
      relationship: String,
      phone: String
    }
  },

  // Departments Collection
  “departments”: {
    _id: ObjectId,
    name: String,
    description: String,
    headId: ObjectId,
    budget: Decimal128,
    location: String,
    createdAt: Date
  },

  // Leave Records Collection
  leaveRecords: {
    _id: ObjectId,
    employeeId: ObjectId,
    leaveType: String,
    startDate: Date,
    endDate: Date,
    status: String,
    reason: String,
    approvedBy: ObjectId,
    appliedDate: Date,
    lastUpdated: Date
  }
}
",db.employees.find({ hireDate: { $gt: new Date('2020-01-01') } }),"Fetch employees hired after January 1, 2020."
hr_management,"{
  // Employees Collection
  “employees”: {
    _id: ObjectId,
    employeeId: String,
    firstName: String,
    lastName: String,
    email: String,
    phone: String,
    department: String,
    position: String,
    salary: Decimal128,
    hireDate: Date,
    status: String,
    managerId: ObjectId,
    EmergencyContact: {
      name: String,
      relationship: String,
      phone: String
    }
  },

  // Departments Collection
  “departments”: {
    _id: ObjectId,
    name: String,
    description: String,
    headId: ObjectId,
    budget: Decimal128,
    location: String,
    createdAt: Date
  },

  // Leave Records Collection
  leaveRecords: {
    _id: ObjectId,
    employeeId: ObjectId,
    leaveType: String,
    startDate: Date,
    endDate: Date,
    status: String,
    reason: String,
    approvedBy: ObjectId,
    appliedDate: Date,
    lastUpdated: Date
  }
}
","db.employees.aggregate([{ $lookup: { from: 'departments', localField: 'department', foreignField: 'name', as: 'department_info' } }, { $project: { firstName: 1, lastName: 1, 'department_info.description': 1 } }])",Get the first and last names of employees and their department descriptions where the department name matches.
hr_management,"{
  // Employees Collection
  “employees”: {
    _id: ObjectId,
    employeeId: String,
    firstName: String,
    lastName: String,
    email: String,
    phone: String,
    department: String,
    position: String,
    salary: Decimal128,
    hireDate: Date,
    status: String,
    managerId: ObjectId,
    EmergencyContact: {
      name: String,
      relationship: String,
      phone: String
    }
  },

  // Departments Collection
  “departments”: {
    _id: ObjectId,
    name: String,
    description: String,
    headId: ObjectId,
    budget: Decimal128,
    location: String,
    createdAt: Date
  },

  // Leave Records Collection
  leaveRecords: {
    _id: ObjectId,
    employeeId: ObjectId,
    leaveType: String,
    startDate: Date,
    endDate: Date,
    status: String,
    reason: String,
    approvedBy: ObjectId,
    appliedDate: Date,
    lastUpdated: Date
  }
}
",db.departments.find({ description: { $regex: /finance/i } });,"Find departments where the description includes 'finance', case insensitive."
hr_management,"{
  // Employees Collection
  “employees”: {
    _id: ObjectId,
    employeeId: String,
    firstName: String,
    lastName: String,
    email: String,
    phone: String,
    department: String,
    position: String,
    salary: Decimal128,
    hireDate: Date,
    status: String,
    managerId: ObjectId,
    EmergencyContact: {
      name: String,
      relationship: String,
      phone: String
    }
  },

  // Departments Collection
  “departments”: {
    _id: ObjectId,
    name: String,
    description: String,
    headId: ObjectId,
    budget: Decimal128,
    location: String,
    createdAt: Date
  },

  // Leave Records Collection
  leaveRecords: {
    _id: ObjectId,
    employeeId: ObjectId,
    leaveType: String,
    startDate: Date,
    endDate: Date,
    status: String,
    reason: String,
    approvedBy: ObjectId,
    appliedDate: Date,
    lastUpdated: Date
  }
}
","db.employees.aggregate([{ $match: { status: 'active' } }, { $group: { _id: '$department', totalSalary: { $sum: '$salary' }, employeeCount: { $sum: 1 } } }, { $sort: { totalSalary: -1 } }])","Get the total salary and employee count for active employees in each department, sorted by total salary in descending order."
hr_management,"{
  // Employees Collection
  “employees”: {
    _id: ObjectId,
    employeeId: String,
    firstName: String,
    lastName: String,
    email: String,
    phone: String,
    department: String,
    position: String,
    salary: Decimal128,
    hireDate: Date,
    status: String,
    managerId: ObjectId,
    EmergencyContact: {
      name: String,
      relationship: String,
      phone: String
    }
  },

  // Departments Collection
  “departments”: {
    _id: ObjectId,
    name: String,
    description: String,
    headId: ObjectId,
    budget: Decimal128,
    location: String,
    createdAt: Date
  },

  // Leave Records Collection
  leaveRecords: {
    _id: ObjectId,
    employeeId: ObjectId,
    leaveType: String,
    startDate: Date,
    endDate: Date,
    status: String,
    reason: String,
    approvedBy: ObjectId,
    appliedDate: Date,
    lastUpdated: Date
  }
}
",db.leaveRecords.find({ startDate: { $lte: new Date('2022-12-31') } });,"Get leave records with a start date on or before December 31, 2022."
hr_management,"{
  // Employees Collection
  “employees”: {
    _id: ObjectId,
    employeeId: String,
    firstName: String,
    lastName: String,
    email: String,
    phone: String,
    department: String,
    position: String,
    salary: Decimal128,
    hireDate: Date,
    status: String,
    managerId: ObjectId,
    EmergencyContact: {
      name: String,
      relationship: String,
      phone: String
    }
  },

  // Departments Collection
  “departments”: {
    _id: ObjectId,
    name: String,
    description: String,
    headId: ObjectId,
    budget: Decimal128,
    location: String,
    createdAt: Date
  },

  // Leave Records Collection
  leaveRecords: {
    _id: ObjectId,
    employeeId: ObjectId,
    leaveType: String,
    startDate: Date,
    endDate: Date,
    status: String,
    reason: String,
    approvedBy: ObjectId,
    appliedDate: Date,
    lastUpdated: Date
  }
}
","db.employees.aggregate([ { $lookup: { from: 'leaveRecords', localField: '_id', foreignField: 'employeeId', as: 'leaveInfo' } }, { $project: { firstName: 1, lastName: 1, leaveStatus: { $ifNull: [ { $arrayElemAt: ['$leaveInfo.status', 0] }, 'No Leave Record' ] } } } } ])","Retrieve the first and last names of employees and their leave status, including employees without leave records."
hr_management,"{
  // Employees Collection
  “employees”: {
    _id: ObjectId,
    employeeId: String,
    firstName: String,
    lastName: String,
    email: String,
    phone: String,
    department: String,
    position: String,
    salary: Decimal128,
    hireDate: Date,
    status: String,
    managerId: ObjectId,
    EmergencyContact: {
      name: String,
      relationship: String,
      phone: String
    }
  },

  // Departments Collection
  “departments”: {
    _id: ObjectId,
    name: String,
    description: String,
    headId: ObjectId,
    budget: Decimal128,
    location: String,
    createdAt: Date
  },

  // Leave Records Collection
  leaveRecords: {
    _id: ObjectId,
    employeeId: ObjectId,
    leaveType: String,
    startDate: Date,
    endDate: Date,
    status: String,
    reason: String,
    approvedBy: ObjectId,
    appliedDate: Date,
    lastUpdated: Date
  }
}
","db.employees.aggregate([{ $lookup: { from: 'leaveRecords', localField: '_id', foreignField: 'employeeId', as: 'leaveData' } }, { $group: { _id: '$employeeId', totalLeaves: { $sum: { $size: '$leaveData' } }, status: { $first: '$status' } } }])",Join 'employees' with 'leaveRecords' to count leaves per employee and get their employment status.
hr_management,"{
  // Employees Collection
  “employees”: {
    _id: ObjectId,
    employeeId: String,
    firstName: String,
    lastName: String,
    email: String,
    phone: String,
    department: String,
    position: String,
    salary: Decimal128,
    hireDate: Date,
    status: String,
    managerId: ObjectId,
    EmergencyContact: {
      name: String,
      relationship: String,
      phone: String
    }
  },

  // Departments Collection
  “departments”: {
    _id: ObjectId,
    name: String,
    description: String,
    headId: ObjectId,
    budget: Decimal128,
    location: String,
    createdAt: Date
  },

  // Leave Records Collection
  leaveRecords: {
    _id: ObjectId,
    employeeId: ObjectId,
    leaveType: String,
    startDate: Date,
    endDate: Date,
    status: String,
    reason: String,
    approvedBy: ObjectId,
    appliedDate: Date,
    lastUpdated: Date
  }
}
","db.employees.aggregate([ { $match: { hireDate: { $gte: new Date('2022-01-01') } } }, { $lookup: { from: 'departments', localField: 'department', foreignField: 'name', as: 'departmentInfo' } }, { $unwind: '$departmentInfo' }, { $project: { employeeId: 1, firstName: 1, lastName: 1, 'departmentInfo.name': 1, 'departmentInfo.budget': 1 } } ])","Retrieve employees hired on or after January 1, 2022, along with their department name and budget."
hr_management,"{
  // Employees Collection
  “employees”: {
    _id: ObjectId,
    employeeId: String,
    firstName: String,
    lastName: String,
    email: String,
    phone: String,
    department: String,
    position: String,
    salary: Decimal128,
    hireDate: Date,
    status: String,
    managerId: ObjectId,
    EmergencyContact: {
      name: String,
      relationship: String,
      phone: String
    }
  },

  // Departments Collection
  “departments”: {
    _id: ObjectId,
    name: String,
    description: String,
    headId: ObjectId,
    budget: Decimal128,
    location: String,
    createdAt: Date
  },

  // Leave Records Collection
  leaveRecords: {
    _id: ObjectId,
    employeeId: ObjectId,
    leaveType: String,
    startDate: Date,
    endDate: Date,
    status: String,
    reason: String,
    approvedBy: ObjectId,
    appliedDate: Date,
    lastUpdated: Date
  }
}
","db.leaveRecords.aggregate([ { $group: { _id: ""$employeeId"", totalLeaveDays: { $sum: { $subtract: [ ""$endDate"", ""$startDate"" ] } } } } } ]);",Group leave records by 'employeeId' and calculate the total leave days taken by each employee as the difference between 'endDate' and 'startDate'.
